Source_ID,Target_ID
0,1
0,2
1,3
0,4
4,5
1,6
1,7
7,8
5,9
0,10
5,11
7,12
0,13
3,14
9,15
9,16
5,17
11,18
2,19
8,20
15,21
17,22
0,23
9,24
18,25
8,26
12,27
10,28
19,29
22,30
27,31
30,32
28,33
13,34
32,35
22,36
27,37
32,38
11,39
29,40
37,41
20,42
20,43
1,44
15,45
28,46
46,47
8,48
47,49
12,50
27,51
15,52
13,53
15,54
10,55
6,56
8,57
40,58
21,59
42,60
1,61
57,62
7,63
9,64
49,65
3,66
3,67
11,68
17,69
51,70
36,71
29,72
54,73
45,74
29,75
41,76
2,77
50,78
54,79
56,80
80,81
15,82
72,83
45,84
15,85
41,86
50,87
27,88
39,89
66,90
38,91
39,92
5,93
37,94
76,95
71,96
47,97
12,98
55,99
82,100
26,101
67,102
33,103
82,104
17,105
53,106
106,107
48,108
6,109
94,110
98,111
76,112
25,113
86,114
55,115
0,116
2,117
66,118
108,119
4,120
62,121
38,122
72,123
100,124
110,125
81,126
24,127
114,128
38,129
68,130
44,131
31,132
17,133
47,134
3,135
48,136
42,137
78,138
87,139
81,140
131,141
64,142
11,143
93,144
40,145
89,146
117,147
4,148
139,149
28,150
149,151
59,152
25,153
11,154
60,155
44,156
54,157
56,158
39,159
80,160
101,161
71,162
117,163
109,164
107,165
134,166
59,167
154,168
105,169
57,170
126,171
67,172
167,173
74,174
116,175
94,176
41,177
87,178
77,179
164,180
0,181
180,182
95,183
139,184
48,185
129,186
59,187
17,188
4,189
100,190
0,191
13,192
182,193
154,194
166,195
48,196
75,197
36,198
83,199
168,200
51,201
113,202
174,203
196,204
163,205
0,206
121,207
66,208
62,209
105,210
115,211
158,212
110,213
207,214
29,215
194,216
98,217
113,218
51,219
180,220
62,221
19,222
163,223
196,224
119,225
20,226
77,227
11,228
189,229
198,230
162,231
200,232
137,233
85,234
64,235
70,236
144,237
13,238
192,239
183,240
100,241
44,242
169,243
36,244
177,245
164,246
77,247
106,248
22,249
80,250
168,251
33,252
219,253
169,254
11,255
125,256
248,257
174,258
181,259
41,260
257,261
114,262
255,263
51,264
216,265
35,266
66,267
86,268
109,269
187,270
51,271
166,272
56,273
242,274
83,275
229,276
9,277
46,278
45,279
2,280
26,281
67,282
153,283
208,284
282,285
68,286
73,287
172,288
78,289
19,290
112,291
220,292
207,293
107,294
165,295
138,296
15,297
68,298
108,299
263,300
124,301
71,302
147,303
115,304
38,305
158,306
68,307
33,308
191,309
87,310
308,311
71,312
103,313
83,314
148,315
173,316
79,317
252,318
137,319
231,320
190,321
239,322
107,323
312,324
245,325
74,326
251,327
167,328
4,329
158,330
12,331
70,332
264,333
16,334
84,335
45,336
310,337
189,338
321,339
266,340
91,341
322,342
177,343
75,344
288,345
100,346
303,347
199,348
151,349
8,350
153,351
272,352
211,353
194,354
139,355
101,356
74,357
34,358
357,359
349,360
359,361
4,362
255,363
355,364
159,365
107,366
317,367
108,368
16,369
141,370
22,371
148,372
73,373
152,374
64,375
199,376
299,377
149,378
185,379
43,380
350,381
197,382
8,383
18,384
328,385
347,386
76,387
181,388
176,389
236,390
100,391
243,392
194,393
18,394
221,395
161,396
118,397
87,398
289,399
318,400
347,401
1,402
229,403
401,404
291,405
291,406
314,407
83,408
222,409
324,410
232,411
159,412
255,413
401,414
397,415
303,416
360,417
364,418
339,419
239,420
195,421
179,422
394,423
227,424
239,425
311,426
33,427
202,428
304,429
229,430
73,431
280,432
284,433
230,434
166,435
194,436
434,437
216,438
177,439
138,440
0,441
406,442
114,443
158,444
152,445
425,446
209,447
158,448
321,449
192,450
417,451
36,452
67,453
380,454
196,455
43,456
17,457
374,458
108,459
309,460
99,461
279,462
191,463
4,464
415,465
138,466
456,467
70,468
215,469
50,470
133,471
350,472
463,473
452,474
21,475
23,476
445,477
354,478
387,479
151,480
315,481
67,482
310,483
58,484
130,485
150,486
224,487
159,488
467,489
300,490
416,491
310,492
144,493
198,494
39,495
174,496
337,497
382,498
476,499
192,500
58,501
81,502
290,503
289,504
448,505
321,506
369,507
183,508
85,509
505,510
429,511
107,512
230,513
229,514
384,515
41,516
205,517
246,518
298,519
17,520
110,521
208,522
351,523
36,524
487,525
22,526
195,527
491,528
258,529
243,530
455,531
501,532
422,533
187,534
258,535
166,536
126,537
353,538
351,539
367,540
220,541
460,542
231,543
240,544
134,545
161,546
23,547
493,548
405,549
316,550
68,551
6,552
458,553
446,554
2,555
401,556
137,557
154,558
250,559
69,560
284,561
336,562
300,563
531,564
352,565
198,566
307,567
31,568
207,569
32,570
395,571
272,572
454,573
152,574
103,575
177,576
513,577
332,578
545,579
465,580
156,581
54,582
301,583
486,584
433,585
73,586
582,587
464,588
430,589
499,590
182,591
9,592
549,593
118,594
356,595
275,596
396,597
224,598
317,599
43,600
169,601
465,602
447,603
325,604
448,605
520,606
417,607
577,608
394,609
287,610
527,611
236,612
236,613
257,614
263,615
249,616
28,617
6,618
440,619
613,620
554,621
144,622
547,623
41,624
421,625
224,626
505,627
421,628
203,629
464,630
606,631
138,632
93,633
611,634
331,635
481,636
225,637
490,638
115,639
601,640
2,641
139,642
396,643
33,644
418,645
284,646
646,647
430,648
548,649
211,650
545,651
144,652
357,653
337,654
624,655
381,656
430,657
156,658
445,659
131,660
46,661
322,662
527,663
328,664
305,665
585,666
341,667
413,668
453,669
498,670
302,671
561,672
270,673
480,674
201,675
459,676
167,677
33,678
187,679
295,680
92,681
23,682
356,683
516,684
502,685
596,686
193,687
66,688
267,689
234,690
322,691
314,692
39,693
20,694
547,695
306,696
312,697
217,698
532,699
585,700
218,701
685,702
611,703
45,704
262,705
359,706
145,707
185,708
143,709
138,710
297,711
613,712
197,713
279,714
156,715
608,716
137,717
53,718
264,719
649,720
28,721
416,722
135,723
2,724
594,725
148,726
630,727
687,728
105,729
215,730
506,731
726,732
427,733
103,734
47,735
279,736
231,737
235,738
23,739
388,740
706,741
649,742
364,743
151,744
258,745
369,746
564,747
377,748
589,749
377,750
512,751
106,752
175,753
404,754
699,755
522,756
666,757
264,758
675,759
312,760
209,761
170,762
678,763
165,764
92,765
576,766
618,767
8,768
688,769
509,770
702,771
503,772
161,773
553,774
417,775
4,776
128,777
301,778
166,779
146,780
275,781
742,782
364,783
510,784
48,785
335,786
569,787
468,788
546,789
84,790
406,791
456,792
313,793
147,794
792,795
584,796
768,797
241,798
404,799
778,800
218,801
89,802
309,803
323,804
104,805
446,806
49,807
33,808
154,809
154,810
522,811
57,812
485,813
465,814
484,815
312,816
594,817
330,818
259,819
169,820
85,821
655,822
233,823
476,824
265,825
819,826
254,827
317,828
352,829
170,830
722,831
64,832
361,833
251,834
765,835
577,836
134,837
661,838
658,839
720,840
833,841
722,842
299,843
816,844
38,845
220,846
1,847
380,848
128,849
552,850
199,851
698,852
804,853
622,854
720,855
589,856
714,857
91,858
330,859
466,860
310,861
431,862
549,863
107,864
630,865
438,866
69,867
126,868
435,869
306,870
811,871
750,872
460,873
688,874
620,875
201,876
308,877
433,878
816,879
348,880
653,881
587,882
106,883
487,884
417,885
280,886
27,887
448,888
135,889
716,890
306,891
454,892
301,893
257,894
184,895
485,896
499,897
41,898
219,899
727,900
325,901
416,902
179,903
12,904
274,905
326,906
893,907
617,908
133,909
6,910
779,911
545,912
338,913
78,914
664,915
204,916
872,917
391,918
735,919
180,920
641,921
453,922
158,923
816,924
7,925
675,926
754,927
483,928
271,929
285,930
135,931
362,932
571,933
567,934
905,935
420,936
656,937
894,938
855,939
908,940
825,941
432,942
925,943
818,944
231,945
253,946
472,947
116,948
936,949
3,950
32,951
518,952
191,953
591,954
699,955
939,956
168,957
535,958
953,959
649,960
20,961
134,962
380,963
758,964
428,965
750,966
449,967
213,968
902,969
422,970
430,971
917,972
669,973
380,974
185,975
536,976
481,977
133,978
796,979
187,980
554,981
422,982
590,983
261,984
500,985
720,986
408,987
340,988
625,989
328,990
852,991
564,992
736,993
478,994
643,995
735,996
803,997
383,998
876,999
872,1000
644,1001
524,1002
112,1003
807,1004
126,1005
669,1006
359,1007
498,1008
825,1009
634,1010
898,1011
479,1012
809,1013
172,1014
280,1015
536,1016
168,1017
452,1018
163,1019
515,1020
66,1021
805,1022
122,1023
488,1024
433,1025
296,1026
807,1027
965,1028
767,1029
104,1030
98,1031
335,1032
12,1033
648,1034
937,1035
282,1036
997,1037
78,1038
563,1039
945,1040
791,1041
25,1042
598,1043
49,1044
19,1045
501,1046
32,1047
807,1048
483,1049
861,1050
299,1051
492,1052
324,1053
940,1054
570,1055
836,1056
608,1057
421,1058
467,1059
670,1060
384,1061
903,1062
442,1063
416,1064
906,1065
614,1066
749,1067
1,1068
218,1069
869,1070
44,1071
213,1072
1004,1073
558,1074
408,1075
828,1076
339,1077
168,1078
996,1079
912,1080
181,1081
1008,1082
25,1083
586,1084
835,1085
342,1086
1036,1087
850,1088
427,1089
683,1090
353,1091
526,1092
796,1093
149,1094
65,1095
141,1096
249,1097
53,1098
950,1099
791,1100
911,1101
173,1102
452,1103
496,1104
584,1105
920,1106
1096,1107
655,1108
718,1109
696,1110
654,1111
525,1112
74,1113
423,1114
347,1115
833,1116
1112,1117
522,1118
961,1119
70,1120
1116,1121
382,1122
406,1123
902,1124
345,1125
988,1126
257,1127
643,1128
141,1129
848,1130
1064,1131
947,1132
587,1133
744,1134
598,1135
228,1136
914,1137
826,1138
4,1139
677,1140
593,1141
347,1142
985,1143
904,1144
303,1145
371,1146
531,1147
791,1148
1061,1149
972,1150
752,1151
580,1152
319,1153
309,1154
116,1155
731,1156
885,1157
1130,1158
567,1159
44,1160
1137,1161
38,1162
671,1163
625,1164
394,1165
846,1166
187,1167
954,1168
407,1169
617,1170
1125,1171
219,1172
909,1173
265,1174
494,1175
384,1176
15,1177
381,1178
1077,1179
8,1180
517,1181
771,1182
393,1183
685,1184
896,1185
1016,1186
132,1187
900,1188
521,1189
315,1190
798,1191
376,1192
462,1193
498,1194
919,1195
1027,1196
717,1197
670,1198
952,1199
897,1200
248,1201
462,1202
1114,1203
166,1204
213,1205
328,1206
1179,1207
322,1208
114,1209
1062,1210
472,1211
582,1212
584,1213
700,1214
887,1215
398,1216
1014,1217
1162,1218
311,1219
808,1220
510,1221
562,1222
219,1223
126,1224
109,1225
725,1226
478,1227
117,1228
273,1229
776,1230
613,1231
906,1232
729,1233
900,1234
1004,1235
1133,1236
667,1237
797,1238
440,1239
311,1240
235,1241
774,1242
748,1243
648,1244
706,1245
945,1246
749,1247
796,1248
942,1249
1115,1250
624,1251
732,1252
1172,1253
383,1254
625,1255
329,1256
832,1257
267,1258
590,1259
1234,1260
939,1261
551,1262
540,1263
383,1264
838,1265
38,1266
876,1267
643,1268
875,1269
649,1270
790,1271
210,1272
69,1273
1030,1274
1151,1275
782,1276
516,1277
493,1278
537,1279
231,1280
839,1281
894,1282
157,1283
1046,1284
819,1285
977,1286
612,1287
20,1288
276,1289
770,1290
551,1291
161,1292
837,1293
973,1294
450,1295
184,1296
98,1297
46,1298
50,1299
280,1300
1045,1301
485,1302
826,1303
1293,1304
832,1305
680,1306
707,1307
820,1308
689,1309
1049,1310
1040,1311
224,1312
187,1313
1009,1314
584,1315
69,1316
380,1317
769,1318
530,1319
344,1320
789,1321
253,1322
220,1323
295,1324
646,1325
34,1326
549,1327
151,1328
1188,1329
1325,1330
959,1331
1169,1332
464,1333
1056,1334
142,1335
738,1336
698,1337
765,1338
789,1339
427,1340
1213,1341
810,1342
154,1343
453,1344
675,1345
112,1346
234,1347
218,1348
353,1349
1243,1350
784,1351
1176,1352
923,1353
543,1354
1216,1355
1107,1356
1008,1357
761,1358
1069,1359
133,1360
1292,1361
77,1362
532,1363
241,1364
1271,1365
1204,1366
443,1367
639,1368
716,1369
1076,1370
58,1371
728,1372
358,1373
1036,1374
992,1375
549,1376
308,1377
252,1378
3,1379
587,1380
685,1381
134,1382
592,1383
1114,1384
770,1385
880,1386
1143,1387
1052,1388
229,1389
667,1390
1008,1391
160,1392
105,1393
929,1394
171,1395
112,1396
1087,1397
626,1398
459,1399
839,1400
513,1401
261,1402
434,1403
1064,1404
1050,1405
1269,1406
98,1407
42,1408
793,1409
1364,1410
413,1411
1256,1412
685,1413
534,1414
1208,1415
481,1416
1024,1417
11,1418
1160,1419
321,1420
1278,1421
843,1422
218,1423
1085,1424
453,1425
244,1426
1318,1427
1003,1428
1266,1429
81,1430
967,1431
127,1432
950,1433
390,1434
1122,1435
307,1436
1107,1437
277,1438
509,1439
48,1440
237,1441
1065,1442
201,1443
452,1444
723,1445
563,1446
998,1447
802,1448
1114,1449
586,1450
486,1451
28,1452
64,1453
816,1454
811,1455
263,1456
205,1457
319,1458
1085,1459
308,1460
444,1461
1364,1462
779,1463
635,1464
985,1465
668,1466
1395,1467
1181,1468
1109,1469
426,1470
523,1471
422,1472
1447,1473
1162,1474
840,1475
992,1476
178,1477
465,1478
1024,1479
119,1480
524,1481
802,1482
566,1483
540,1484
513,1485
967,1486
727,1487
336,1488
608,1489
1119,1490
1057,1491
1037,1492
275,1493
1060,1494
135,1495
704,1496
1095,1497
781,1498
932,1499
1273,1500
375,1501
911,1502
1080,1503
753,1504
1282,1505
1490,1506
708,1507
1178,1508
622,1509
536,1510
628,1511
322,1512
550,1513
47,1514
807,1515
1440,1516
42,1517
1482,1518
1133,1519
1466,1520
911,1521
231,1522
1114,1523
954,1524
1278,1525
1050,1526
365,1527
427,1528
575,1529
448,1530
209,1531
623,1532
1011,1533
378,1534
792,1535
959,1536
327,1537
1018,1538
276,1539
552,1540
1257,1541
1489,1542
173,1543
564,1544
636,1545
1029,1546
429,1547
1498,1548
345,1549
440,1550
975,1551
959,1552
1322,1553
244,1554
1403,1555
447,1556
1220,1557
1229,1558
1029,1559
606,1560
1129,1561
407,1562
305,1563
813,1564
1455,1565
1436,1566
126,1567
133,1568
246,1569
1337,1570
179,1571
1218,1572
1420,1573
133,1574
890,1575
513,1576
589,1577
1275,1578
1457,1579
1197,1580
560,1581
1439,1582
621,1583
800,1584
346,1585
29,1586
1309,1587
1315,1588
1258,1589
25,1590
519,1591
1491,1592
890,1593
1035,1594
938,1595
749,1596
1587,1597
344,1598
364,1599
1483,1600
97,1601
1018,1602
723,1603
17,1604
1052,1605
600,1606
1353,1607
945,1608
227,1609
485,1610
715,1611
462,1612
852,1613
1093,1614
938,1615
23,1616
1257,1617
1111,1618
885,1619
1188,1620
245,1621
250,1622
1471,1623
1524,1624
1029,1625
1431,1626
852,1627
1132,1628
541,1629
943,1630
1016,1631
1298,1632
1104,1633
409,1634
791,1635
495,1636
1448,1637
273,1638
1123,1639
325,1640
1535,1641
1127,1642
1254,1643
952,1644
1128,1645
971,1646
1365,1647
588,1648
1636,1649
434,1650
150,1651
452,1652
392,1653
876,1654
731,1655
1140,1656
1278,1657
1288,1658
506,1659
1386,1660
329,1661
1119,1662
1654,1663
1341,1664
112,1665
747,1666
183,1667
352,1668
392,1669
683,1670
893,1671
1069,1672
56,1673
7,1674
1409,1675
915,1676
1068,1677
827,1678
601,1679
1276,1680
1102,1681
461,1682
428,1683
824,1684
62,1685
731,1686
1326,1687
431,1688
194,1689
237,1690
608,1691
624,1692
51,1693
377,1694
664,1695
812,1696
640,1697
1255,1698
1552,1699
1446,1700
1606,1701
1648,1702
1304,1703
412,1704
213,1705
1575,1706
1391,1707
1469,1708
1401,1709
744,1710
1226,1711
1382,1712
463,1713
971,1714
472,1715
475,1716
1631,1717
1699,1718
805,1719
1169,1720
917,1721
1104,1722
1057,1723
943,1724
442,1725
1134,1726
370,1727
525,1728
1000,1729
905,1730
524,1731
1399,1732
121,1733
899,1734
1120,1735
46,1736
594,1737
814,1738
383,1739
418,1740
1416,1741
745,1742
1218,1743
304,1744
1050,1745
940,1746
808,1747
449,1748
1481,1749
1118,1750
262,1751
613,1752
985,1753
1741,1754
65,1755
340,1756
1490,1757
1151,1758
1446,1759
1663,1760
281,1761
1328,1762
1691,1763
1005,1764
1491,1765
881,1766
188,1767
345,1768
1103,1769
1245,1770
287,1771
1237,1772
0,1773
1667,1774
958,1775
325,1776
1411,1777
568,1778
1746,1779
350,1780
660,1781
598,1782
650,1783
965,1784
110,1785
503,1786
1705,1787
1399,1788
1571,1789
523,1790
737,1791
1292,1792
376,1793
552,1794
765,1795
1251,1796
1168,1797
564,1798
1761,1799
1152,1800
1634,1801
1145,1802
171,1803
89,1804
1166,1805
1258,1806
1424,1807
1710,1808
1049,1809
1746,1810
1261,1811
1189,1812
1468,1813
326,1814
396,1815
539,1816
1185,1817
337,1818
1725,1819
697,1820
200,1821
537,1822
530,1823
1126,1824
908,1825
452,1826
952,1827
952,1828
593,1829
734,1830
1494,1831
1630,1832
1717,1833
1669,1834
856,1835
1615,1836
1419,1837
1029,1838
419,1839
161,1840
1051,1841
57,1842
1092,1843
858,1844
1720,1845
648,1846
946,1847
284,1848
452,1849
1205,1850
650,1851
1124,1852
58,1853
223,1854
1168,1855
789,1856
552,1857
735,1858
994,1859
238,1860
174,1861
1148,1862
1405,1863
1189,1864
802,1865
1621,1866
867,1867
1343,1868
896,1869
1030,1870
44,1871
304,1872
454,1873
1793,1874
1165,1875
106,1876
33,1877
184,1878
364,1879
481,1880
591,1881
385,1882
1159,1883
1326,1884
1746,1885
1670,1886
1205,1887
109,1888
874,1889
1406,1890
946,1891
624,1892
653,1893
310,1894
655,1895
1314,1896
1206,1897
791,1898
173,1899
1671,1900
582,1901
494,1902
198,1903
1758,1904
1588,1905
1785,1906
707,1907
664,1908
648,1909
489,1910
1060,1911
1193,1912
358,1913
1455,1914
1511,1915
1329,1916
1634,1917
172,1918
661,1919
637,1920
749,1921
1202,1922
1623,1923
813,1924
1641,1925
16,1926
700,1927
740,1928
345,1929
1596,1930
293,1931
488,1932
628,1933
185,1934
1299,1935
1220,1936
1310,1937
1234,1938
1720,1939
209,1940
826,1941
46,1942
228,1943
1841,1944
1679,1945
218,1946
1255,1947
46,1948
512,1949
1157,1950
1291,1951
626,1952
1297,1953
1750,1954
533,1955
1121,1956
1745,1957
814,1958
575,1959
1860,1960
590,1961
1556,1962
723,1963
1387,1964
395,1965
1426,1966
1523,1967
143,1968
184,1969
650,1970
1246,1971
419,1972
309,1973
1845,1974
1289,1975
677,1976
618,1977
1687,1978
1061,1979
1157,1980
1026,1981
963,1982
1096,1983
544,1984
451,1985
1696,1986
1676,1987
415,1988
1132,1989
1899,1990
1845,1991
607,1992
986,1993
752,1994
1747,1995
613,1996
534,1997
1868,1998
785,1999
636,2000
1233,2001
1017,2002
600,2003
396,2004
1564,2005
1045,2006
1534,2007
591,2008
578,2009
243,2010
361,2011
837,2012
1136,2013
1162,2014
896,2015
417,2016
1015,2017
1748,2018
460,2019
1003,2020
1520,2021
961,2022
1131,2023
192,2024
774,2025
232,2026
63,2027
666,2028
460,2029
99,2030
1698,2031
1810,2032
1299,2033
1456,2034
508,2035
1881,2036
1725,2037
824,2038
1553,2039
645,2040
873,2041
106,2042
680,2043
1420,2044
957,2045
1250,2046
175,2047
855,2048
121,2049
124,2050
1673,2051
54,2052
1294,2053
1489,2054
1071,2055
907,2056
830,2057
623,2058
780,2059
1217,2060
1595,2061
1691,2062
1825,2063
666,2064
847,2065
85,2066
1092,2067
1803,2068
1260,2069
1387,2070
805,2071
41,2072
734,2073
996,2074
1222,2075
1777,2076
999,2077
2033,2078
637,2079
752,2080
1570,2081
1942,2082
959,2083
1348,2084
503,2085
452,2086
741,2087
988,2088
70,2089
202,2090
1885,2091
934,2092
578,2093
38,2094
1692,2095
1868,2096
857,2097
1553,2098
732,2099
1251,2100
499,2101
260,2102
318,2103
342,2104
1392,2105
58,2106
817,2107
603,2108
912,2109
185,2110
1901,2111
199,2112
2014,2113
176,2114
2047,2115
131,2116
740,2117
1698,2118
1875,2119
2067,2120
406,2121
365,2122
1850,2123
627,2124
941,2125
1042,2126
1393,2127
38,2128
469,2129
361,2130
1273,2131
2119,2132
1017,2133
1938,2134
371,2135
1966,2136
1334,2137
491,2138
542,2139
170,2140
641,2141
739,2142
1409,2143
177,2144
173,2145
1945,2146
178,2147
1756,2148
2130,2149
1630,2150
2062,2151
2124,2152
888,2153
1176,2154
186,2155
23,2156
25,2157
435,2158
216,2159
2116,2160
1061,2161
836,2162
1343,2163
544,2164
706,2165
774,2166
114,2167
1621,2168
2164,2169
1833,2170
1098,2171
1119,2172
554,2173
1204,2174
642,2175
270,2176
1203,2177
1693,2178
908,2179
510,2180
955,2181
80,2182
1291,2183
1732,2184
593,2185
311,2186
1833,2187
1463,2188
1240,2189
717,2190
1682,2191
2166,2192
1624,2193
987,2194
556,2195
794,2196
477,2197
1647,2198
344,2199
564,2200
556,2201
1431,2202
816,2203
170,2204
862,2205
1764,2206
682,2207
870,2208
323,2209
754,2210
1306,2211
1563,2212
1018,2213
1531,2214
2197,2215
1122,2216
1722,2217
1539,2218
1940,2219
867,2220
2109,2221
1952,2222
1004,2223
1068,2224
1247,2225
5,2226
2112,2227
638,2228
1842,2229
1972,2230
736,2231
1625,2232
1477,2233
174,2234
569,2235
424,2236
1965,2237
2185,2238
306,2239
1163,2240
1584,2241
1415,2242
71,2243
1149,2244
759,2245
1850,2246
1909,2247
73,2248
292,2249
280,2250
890,2251
705,2252
1997,2253
67,2254
934,2255
766,2256
1005,2257
1198,2258
1774,2259
1934,2260
743,2261
504,2262
149,2263
1904,2264
684,2265
2178,2266
2061,2267
1655,2268
687,2269
1374,2270
1678,2271
1924,2272
612,2273
437,2274
2143,2275
1357,2276
1165,2277
305,2278
70,2279
2188,2280
1994,2281
881,2282
1527,2283
1744,2284
1856,2285
2062,2286
771,2287
576,2288
1113,2289
2128,2290
337,2291
1707,2292
1487,2293
1724,2294
1106,2295
1946,2296
5,2297
1719,2298
1573,2299
1732,2300
311,2301
1723,2302
220,2303
1423,2304
934,2305
748,2306
1079,2307
595,2308
1816,2309
1911,2310
2271,2311
1910,2312
2244,2313
143,2314
2279,2315
345,2316
137,2317
1275,2318
2092,2319
2134,2320
935,2321
425,2322
1418,2323
1162,2324
792,2325
793,2326
360,2327
757,2328
43,2329
844,2330
1553,2331
1843,2332
1121,2333
988,2334
647,2335
2058,2336
835,2337
1639,2338
811,2339
570,2340
1514,2341
1149,2342
825,2343
1409,2344
544,2345
1583,2346
842,2347
2193,2348
1030,2349
1367,2350
1320,2351
216,2352
929,2353
1332,2354
1956,2355
981,2356
1086,2357
345,2358
531,2359
867,2360
304,2361
1537,2362
1483,2363
2347,2364
773,2365
1473,2366
965,2367
1695,2368
183,2369
367,2370
2128,2371
2074,2372
771,2373
988,2374
1623,2375
1477,2376
1721,2377
1406,2378
1769,2379
558,2380
1481,2381
492,2382
820,2383
339,2384
269,2385
1950,2386
1949,2387
1463,2388
2314,2389
483,2390
194,2391
226,2392
2221,2393
2334,2394
962,2395
394,2396
2215,2397
1694,2398
682,2399
1376,2400
1327,2401
393,2402
369,2403
1351,2404
562,2405
323,2406
313,2407
122,2408
1548,2409
751,2410
1855,2411
2321,2412
389,2413
2165,2414
2051,2415
1987,2416
790,2417
1312,2418
1144,2419
1982,2420
2149,2421
286,2422
570,2423
1893,2424
841,2425
833,2426
1976,2427
1196,2428
154,2429
356,2430
194,2431
1610,2432
1244,2433
1764,2434
1964,2435
1424,2436
1088,2437
312,2438
638,2439
250,2440
1294,2441
2226,2442
788,2443
1307,2444
1210,2445
1212,2446
1761,2447
521,2448
9,2449
1208,2450
642,2451
493,2452
1463,2453
663,2454
747,2455
1843,2456
1862,2457
189,2458
1104,2459
121,2460
1393,2461
32,2462
512,2463
2090,2464
391,2465
1597,2466
1443,2467
1925,2468
660,2469
1237,2470
559,2471
2004,2472
2408,2473
457,2474
982,2475
2171,2476
1658,2477
1764,2478
1780,2479
1478,2480
1730,2481
641,2482
765,2483
1824,2484
1301,2485
225,2486
576,2487
2286,2488
2305,2489
999,2490
830,2491
1424,2492
1349,2493
2013,2494
1126,2495
2361,2496
987,2497
1809,2498
864,2499
542,2500
1778,2501
2144,2502
1487,2503
292,2504
1742,2505
1207,2506
1049,2507
502,2508
2365,2509
839,2510
2483,2511
1915,2512
294,2513
1246,2514
1489,2515
317,2516
1537,2517
777,2518
154,2519
1471,2520
30,2521
1340,2522
2146,2523
2230,2524
1496,2525
688,2526
2291,2527
1937,2528
2246,2529
1085,2530
1979,2531
1699,2532
1267,2533
999,2534
664,2535
2191,2536
734,2537
325,2538
2286,2539
1806,2540
1877,2541
295,2542
1587,2543
835,2544
462,2545
2368,2546
288,2547
2447,2548
21,2549
511,2550
1424,2551
2272,2552
1938,2553
213,2554
740,2555
1571,2556
554,2557
173,2558
936,2559
623,2560
1643,2561
2522,2562
2003,2563
2558,2564
799,2565
1058,2566
1130,2567
2111,2568
2196,2569
2015,2570
1991,2571
744,2572
433,2573
1838,2574
1199,2575
2460,2576
649,2577
1889,2578
501,2579
1099,2580
577,2581
990,2582
2405,2583
924,2584
2056,2585
673,2586
956,2587
1548,2588
277,2589
1450,2590
722,2591
1913,2592
29,2593
1144,2594
622,2595
437,2596
640,2597
1697,2598
85,2599
2187,2600
239,2601
2101,2602
2082,2603
1886,2604
2418,2605
1666,2606
321,2607
258,2608
1482,2609
513,2610
1418,2611
1571,2612
484,2613
960,2614
2311,2615
2491,2616
652,2617
1584,2618
2288,2619
705,2620
2062,2621
198,2622
171,2623
1209,2624
1419,2625
496,2626
2515,2627
2275,2628
1688,2629
511,2630
1141,2631
1590,2632
2237,2633
1247,2634
697,2635
1274,2636
816,2637
997,2638
1794,2639
2012,2640
1007,2641
1952,2642
2548,2643
2332,2644
2047,2645
1650,2646
767,2647
2012,2648
915,2649
385,2650
2032,2651
185,2652
665,2653
336,2654
1178,2655
2646,2656
1087,2657
1875,2658
862,2659
2263,2660
1942,2661
2132,2662
438,2663
2564,2664
1552,2665
544,2666
1441,2667
764,2668
2127,2669
2372,2670
1878,2671
92,2672
374,2673
895,2674
496,2675
480,2676
2445,2677
1517,2678
1843,2679
1706,2680
992,2681
1115,2682
1897,2683
629,2684
1166,2685
214,2686
2335,2687
2611,2688
2119,2689
627,2690
1653,2691
97,2692
245,2693
19,2694
2216,2695
2208,2696
630,2697
140,2698
496,2699
1763,2700
95,2701
1760,2702
791,2703
592,2704
655,2705
1179,2706
1243,2707
1421,2708
2390,2709
1877,2710
1439,2711
2541,2712
42,2713
644,2714
749,2715
2551,2716
1914,2717
299,2718
1173,2719
1463,2720
764,2721
1205,2722
658,2723
1580,2724
2550,2725
176,2726
353,2727
69,2728
2244,2729
1959,2730
48,2731
2159,2732
886,2733
1609,2734
1744,2735
748,2736
1112,2737
452,2738
1507,2739
1229,2740
1406,2741
1613,2742
602,2743
1845,2744
345,2745
2340,2746
513,2747
685,2748
344,2749
962,2750
523,2751
1648,2752
1894,2753
1752,2754
149,2755
2673,2756
1351,2757
2700,2758
186,2759
1967,2760
2142,2761
319,2762
2049,2763
2420,2764
1229,2765
854,2766
2139,2767
233,2768
1741,2769
1872,2770
2639,2771
2531,2772
877,2773
2602,2774
784,2775
1536,2776
1000,2777
1946,2778
776,2779
182,2780
1266,2781
1770,2782
2507,2783
301,2784
1773,2785
2223,2786
2517,2787
1568,2788
284,2789
1383,2790
1211,2791
2559,2792
1515,2793
642,2794
635,2795
1765,2796
1070,2797
543,2798
2537,2799
256,2800
1396,2801
1026,2802
1331,2803
250,2804
476,2805
1460,2806
1734,2807
57,2808
1791,2809
504,2810
2606,2811
1601,2812
1564,2813
10,2814
2265,2815
769,2816
2407,2817
2105,2818
1640,2819
593,2820
722,2821
2694,2822
622,2823
277,2824
2548,2825
2784,2826
835,2827
1993,2828
1620,2829
2081,2830
320,2831
640,2832
2531,2833
974,2834
581,2835
2475,2836
2145,2837
45,2838
1884,2839
2515,2840
1476,2841
2494,2842
2731,2843
1242,2844
426,2845
86,2846
2269,2847
253,2848
351,2849
316,2850
713,2851
1934,2852
65,2853
495,2854
60,2855
1031,2856
755,2857
37,2858
1853,2859
12,2860
2713,2861
1768,2862
673,2863
1408,2864
697,2865
234,2866
725,2867
2000,2868
1809,2869
2731,2870
1903,2871
2020,2872
1807,2873
543,2874
1300,2875
1477,2876
113,2877
158,2878
2477,2879
1342,2880
600,2881
243,2882
2252,2883
2420,2884
1447,2885
1876,2886
595,2887
271,2888
1194,2889
1033,2890
2379,2891
250,2892
495,2893
306,2894
518,2895
364,2896
2240,2897
539,2898
2898,2899
2504,2900
2340,2901
2881,2902
2045,2903
56,2904
1233,2905
2036,2906
1802,2907
1499,2908
382,2909
708,2910
220,2911
2175,2912
2182,2913
1858,2914
1630,2915
372,2916
1517,2917
2461,2918
1813,2919
1832,2920
688,2921
642,2922
305,2923
2680,2924
56,2925
200,2926
2855,2927
2242,2928
1331,2929
954,2930
1025,2931
334,2932
1079,2933
2370,2934
386,2935
2912,2936
923,2937
807,2938
1389,2939
1757,2940
1864,2941
1453,2942
1869,2943
1544,2944
2534,2945
2699,2946
1456,2947
695,2948
1538,2949
2883,2950
2120,2951
1089,2952
1031,2953
1177,2954
1529,2955
715,2956
2611,2957
2658,2958
2132,2959
1238,2960
1671,2961
1997,2962
1808,2963
2909,2964
76,2965
2342,2966
2453,2967
329,2968
747,2969
2327,2970
2646,2971
1013,2972
1784,2973
2071,2974
285,2975
649,2976
695,2977
2904,2978
2348,2979
1701,2980
1043,2981
38,2982
363,2983
13,2984
2845,2985
2592,2986
1901,2987
1921,2988
1753,2989
1705,2990
380,2991
382,2992
416,2993
2111,2994
385,2995
371,2996
1005,2997
1526,2998
1793,2999
1118,3000
2423,3001
1715,3002
879,3003
2426,3004
1255,3005
2525,3006
2212,3007
77,3008
1899,3009
2010,3010
205,3011
130,3012
490,3013
2886,3014
991,3015
1574,3016
1399,3017
862,3018
2060,3019
970,3020
2901,3021
1755,3022
296,3023
2470,3024
1287,3025
3016,3026
1867,3027
916,3028
1195,3029
2156,3030
2034,3031
2755,3032
247,3033
295,3034
1560,3035
2273,3036
336,3037
1122,3038
483,3039
167,3040
1789,3041
12,3042
2907,3043
1155,3044
315,3045
352,3046
2198,3047
1896,3048
1636,3049
1611,3050
1841,3051
1305,3052
637,3053
821,3054
2395,3055
86,3056
2372,3057
2994,3058
1267,3059
1425,3060
2942,3061
1914,3062
397,3063
1184,3064
1690,3065
2238,3066
969,3067
1993,3068
785,3069
2360,3070
2693,3071
650,3072
1323,3073
629,3074
1137,3075
606,3076
2958,3077
1693,3078
225,3079
458,3080
696,3081
746,3082
1925,3083
1899,3084
1265,3085
2110,3086
769,3087
1088,3088
631,3089
751,3090
2986,3091
1334,3092
1037,3093
191,3094
1849,3095
3095,3096
2827,3097
2163,3098
2357,3099
1477,3100
2418,3101
249,3102
677,3103
2535,3104
2596,3105
2778,3106
2800,3107
916,3108
2743,3109
3027,3110
2582,3111
2476,3112
2793,3113
2666,3114
1263,3115
3094,3116
1638,3117
348,3118
1564,3119
3117,3120
1642,3121
630,3122
2737,3123
705,3124
859,3125
594,3126
2033,3127
1758,3128
2893,3129
1630,3130
2528,3131
58,3132
189,3133
340,3134
1516,3135
1135,3136
1856,3137
1594,3138
69,3139
1361,3140
2554,3141
2788,3142
241,3143
284,3144
2221,3145
1210,3146
3008,3147
3065,3148
713,3149
1891,3150
972,3151
1932,3152
849,3153
1063,3154
3095,3155
1895,3156
992,3157
314,3158
1042,3159
2062,3160
431,3161
2103,3162
1451,3163
1194,3164
1151,3165
356,3166
1585,3167
1116,3168
957,3169
818,3170
1763,3171
1956,3172
2385,3173
1004,3174
1255,3175
196,3176
459,3177
1446,3178
1994,3179
2667,3180
1228,3181
2327,3182
1991,3183
1087,3184
433,3185
2509,3186
813,3187
2832,3188
2826,3189
2253,3190
951,3191
1290,3192
3057,3193
841,3194
2430,3195
929,3196
1494,3197
508,3198
2885,3199
1046,3200
1213,3201
2516,3202
1187,3203
1507,3204
1677,3205
720,3206
1593,3207
738,3208
297,3209
1744,3210
2679,3211
2273,3212
431,3213
1507,3214
405,3215
1301,3216
1645,3217
2187,3218
3040,3219
447,3220
1599,3221
2063,3222
1969,3223
2305,3224
2996,3225
1973,3226
795,3227
2728,3228
1389,3229
2282,3230
277,3231
3187,3232
2737,3233
167,3234
1055,3235
1377,3236
971,3237
2696,3238
1933,3239
2472,3240
2691,3241
3093,3242
3003,3243
261,3244
756,3245
3080,3246
1262,3247
918,3248
2164,3249
525,3250
1632,3251
3172,3252
358,3253
1028,3254
1778,3255
2904,3256
1431,3257
1112,3258
2239,3259
243,3260
2968,3261
836,3262
2553,3263
814,3264
276,3265
1806,3266
71,3267
960,3268
2064,3269
1267,3270
1409,3271
1171,3272
834,3273
1050,3274
284,3275
261,3276
530,3277
2559,3278
2228,3279
2587,3280
2081,3281
2198,3282
3179,3283
2373,3284
1398,3285
2597,3286
2191,3287
2802,3288
2635,3289
2525,3290
1768,3291
875,3292
788,3293
1587,3294
3084,3295
1693,3296
1190,3297
1319,3298
3057,3299
1446,3300
2673,3301
2585,3302
1827,3303
2652,3304
1541,3305
34,3306
2312,3307
2243,3308
3166,3309
137,3310
493,3311
1797,3312
1671,3313
2314,3314
2228,3315
691,3316
2528,3317
598,3318
2521,3319
1688,3320
1499,3321
1001,3322
1856,3323
2925,3324
200,3325
2651,3326
2437,3327
2771,3328
2798,3329
416,3330
2088,3331
1557,3332
2781,3333
672,3334
2132,3335
2013,3336
804,3337
824,3338
2291,3339
1645,3340
1588,3341
23,3342
1297,3343
879,3344
2256,3345
237,3346
2109,3347
1672,3348
110,3349
2080,3350
1010,3351
2632,3352
331,3353
1178,3354
2595,3355
1827,3356
161,3357
786,3358
161,3359
2928,3360
2109,3361
1822,3362
2515,3363
102,3364
2787,3365
741,3366
708,3367
2163,3368
1079,3369
1683,3370
887,3371
3229,3372
1336,3373
2282,3374
393,3375
2166,3376
2171,3377
307,3378
628,3379
485,3380
2733,3381
877,3382
1304,3383
617,3384
3380,3385
1189,3386
653,3387
2325,3388
2604,3389
1222,3390
275,3391
1678,3392
1992,3393
3072,3394
2330,3395
2315,3396
2136,3397
268,3398
240,3399
1795,3400
1402,3401
298,3402
1701,3403
1739,3404
2039,3405
1273,3406
1607,3407
3187,3408
1,3409
1024,3410
480,3411
1140,3412
1847,3413
850,3414
2195,3415
1314,3416
919,3417
692,3418
1403,3419
2360,3420
2457,3421
961,3422
2682,3423
2043,3424
3163,3425
1776,3426
3281,3427
769,3428
700,3429
166,3430
244,3431
73,3432
1463,3433
3047,3434
24,3435
148,3436
289,3437
1422,3438
841,3439
3304,3440
2940,3441
1344,3442
2909,3443
1069,3444
1880,3445
798,3446
3059,3447
322,3448
2943,3449
1543,3450
2203,3451
414,3452
3357,3453
1002,3454
2946,3455
1737,3456
992,3457
2959,3458
685,3459
1892,3460
112,3461
2783,3462
1442,3463
3265,3464
489,3465
2725,3466
375,3467
1884,3468
3083,3469
2990,3470
596,3471
1952,3472
136,3473
1364,3474
1338,3475
3395,3476
431,3477
1566,3478
3318,3479
3123,3480
2385,3481
1980,3482
505,3483
900,3484
196,3485
1764,3486
3400,3487
2894,3488
1719,3489
2554,3490
286,3491
2387,3492
3414,3493
212,3494
1059,3495
385,3496
1726,3497
3139,3498
1719,3499
3414,3500
232,3501
1581,3502
2850,3503
907,3504
1897,3505
2085,3506
1295,3507
1951,3508
373,3509
2088,3510
1243,3511
2267,3512
1854,3513
3215,3514
1252,3515
369,3516
455,3517
724,3518
2550,3519
3448,3520
339,3521
570,3522
52,3523
1463,3524
3316,3525
1981,3526
805,3527
2000,3528
649,3529
3305,3530
2105,3531
769,3532
3370,3533
764,3534
1545,3535
2533,3536
3112,3537
81,3538
2843,3539
600,3540
2183,3541
1083,3542
1873,3543
2793,3544
2895,3545
2276,3546
1471,3547
388,3548
2507,3549
1752,3550
2496,3551
3064,3552
2013,3553
2454,3554
1981,3555
826,3556
2336,3557
1945,3558
3474,3559
451,3560
1250,3561
254,3562
975,3563
3132,3564
1998,3565
3159,3566
2894,3567
563,3568
788,3569
141,3570
2720,3571
2251,3572
2087,3573
1448,3574
887,3575
82,3576
48,3577
255,3578
1200,3579
1295,3580
600,3581
2741,3582
2846,3583
2027,3584
94,3585
2980,3586
1091,3587
856,3588
3149,3589
2498,3590
2563,3591
1055,3592
999,3593
1917,3594
3416,3595
3539,3596
917,3597
1336,3598
1014,3599
307,3600
3265,3601
1285,3602
1198,3603
2530,3604
2536,3605
466,3606
1916,3607
3105,3608
3349,3609
665,3610
2761,3611
1973,3612
838,3613
1616,3614
1150,3615
999,3616
2471,3617
1370,3618
2656,3619
1165,3620
2741,3621
1809,3622
2337,3623
2764,3624
2632,3625
26,3626
1470,3627
2341,3628
1487,3629
1708,3630
3529,3631
2499,3632
1211,3633
3239,3634
1596,3635
1108,3636
2854,3637
1420,3638
1811,3639
1042,3640
1028,3641
720,3642
15,3643
1050,3644
1545,3645
3121,3646
1485,3647
557,3648
925,3649
3050,3650
1971,3651
3108,3652
2301,3653
725,3654
3217,3655
2547,3656
2914,3657
3167,3658
525,3659
2819,3660
3596,3661
3637,3662
2329,3663
1501,3664
565,3665
1573,3666
927,3667
2133,3668
711,3669
1902,3670
2889,3671
2511,3672
2102,3673
691,3674
2543,3675
454,3676
1513,3677
918,3678
3548,3679
1425,3680
1806,3681
1577,3682
1903,3683
655,3684
2273,3685
1143,3686
3471,3687
2551,3688
2936,3689
106,3690
788,3691
1501,3692
463,3693
2185,3694
846,3695
2155,3696
3056,3697
1188,3698
25,3699
3520,3700
461,3701
3353,3702
930,3703
310,3704
3038,3705
2703,3706
2609,3707
228,3708
1643,3709
1054,3710
2069,3711
2757,3712
1267,3713
372,3714
2856,3715
1352,3716
448,3717
3637,3718
3152,3719
2181,3720
617,3721
560,3722
2836,3723
2879,3724
1512,3725
2485,3726
2955,3727
1854,3728
1727,3729
2144,3730
372,3731
2852,3732
497,3733
1640,3734
2136,3735
1977,3736
3498,3737
2853,3738
166,3739
2413,3740
3534,3741
343,3742
480,3743
1894,3744
366,3745
2573,3746
41,3747
3183,3748
1230,3749
3137,3750
1371,3751
1441,3752
1222,3753
2298,3754
1828,3755
922,3756
3553,3757
3315,3758
2833,3759
3065,3760
2436,3761
183,3762
3714,3763
334,3764
2482,3765
2380,3766
3701,3767
1010,3768
1049,3769
2787,3770
263,3771
3708,3772
3633,3773
2164,3774
1810,3775
457,3776
3681,3777
2598,3778
981,3779
312,3780
2639,3781
2525,3782
688,3783
2006,3784
3363,3785
945,3786
1111,3787
2967,3788
905,3789
1036,3790
3247,3791
1064,3792
706,3793
2777,3794
3014,3795
3765,3796
1524,3797
2328,3798
1349,3799
455,3800
2385,3801
2944,3802
3417,3803
2688,3804
1080,3805
608,3806
3617,3807
543,3808
921,3809
1898,3810
673,3811
379,3812
1064,3813
2246,3814
3795,3815
2909,3816
1913,3817
2278,3818
514,3819
675,3820
2628,3821
2352,3822
1365,3823
3423,3824
2682,3825
1510,3826
1486,3827
2817,3828
227,3829
82,3830
3464,3831
2280,3832
2349,3833
691,3834
1488,3835
5,3836
1649,3837
216,3838
374,3839
2867,3840
317,3841
2736,3842
1516,3843
2090,3844
8,3845
2279,3846
297,3847
2606,3848
3120,3849
1034,3850
1400,3851
2549,3852
1762,3853
3548,3854
1547,3855
1327,3856
2788,3857
2940,3858
2824,3859
3014,3860
981,3861
544,3862
1683,3863
3415,3864
2116,3865
185,3866
2852,3867
2083,3868
3388,3869
912,3870
2209,3871
3344,3872
3730,3873
2729,3874
376,3875
1879,3876
473,3877
66,3878
2776,3879
2818,3880
281,3881
1628,3882
3625,3883
391,3884
330,3885
776,3886
495,3887
2595,3888
3237,3889
2226,3890
485,3891
2068,3892
3206,3893
200,3894
2783,3895
898,3896
287,3897
2650,3898
3576,3899
1771,3900
2917,3901
1129,3902
694,3903
3287,3904
3257,3905
2419,3906
1049,3907
1554,3908
1316,3909
540,3910
2941,3911
3233,3912
1332,3913
3753,3914
2592,3915
62,3916
890,3917
1551,3918
2862,3919
2404,3920
2407,3921
1120,3922
1492,3923
3874,3924
2914,3925
1022,3926
2210,3927
3072,3928
2826,3929
406,3930
1881,3931
2467,3932
2774,3933
543,3934
2127,3935
2367,3936
2182,3937
2799,3938
1986,3939
3013,3940
3207,3941
2474,3942
1485,3943
2804,3944
381,3945
2790,3946
207,3947
2862,3948
1043,3949
1632,3950
2937,3951
2994,3952
3144,3953
1335,3954
2134,3955
963,3956
186,3957
2228,3958
1450,3959
112,3960
1065,3961
2501,3962
1508,3963
1541,3964
1043,3965
1869,3966
1445,3967
2203,3968
2576,3969
409,3970
995,3971
2173,3972
829,3973
2115,3974
3925,3975
834,3976
1496,3977
3942,3978
2247,3979
2195,3980
678,3981
2809,3982
364,3983
3217,3984
2552,3985
1641,3986
2285,3987
1428,3988
1102,3989
3494,3990
2244,3991
2010,3992
2881,3993
571,3994
2146,3995
919,3996
1779,3997
2303,3998
919,3999
53,4000
1194,4001
318,4002
2395,4003
195,4004
3150,4005
3290,4006
3778,4007
2120,4008
3592,4009
3516,4010
659,4011
3293,4012
2090,4013
913,4014
514,4015
1567,4016
798,4017
2032,4018
3010,4019
2105,4020
3617,4021
3307,4022
1515,4023
3811,4024
4020,4025
3182,4026
1268,4027
3100,4028
3445,4029
295,4030
1018,4031
1581,4032
401,4033
354,4034
1334,4035
1259,4036
1887,4037
3023,4038
2341,4039
1045,4040
662,4041
2380,4042
2029,4043
3045,4044
1108,4045
3037,4046
3771,4047
3372,4048
2811,4049
1867,4050
2134,4051
395,4052
1822,4053
3025,4054
2030,4055
447,4056
3339,4057
2179,4058
676,4059
2223,4060
621,4061
3868,4062
1885,4063
1283,4064
3350,4065
3874,4066
3260,4067
3188,4068
334,4069
98,4070
1011,4071
339,4072
2092,4073
2599,4074
3830,4075
271,4076
918,4077
95,4078
1389,4079
3302,4080
2744,4081
1852,4082
1969,4083
1956,4084
2892,4085
2053,4086
4007,4087
3145,4088
273,4089
1268,4090
431,4091
3279,4092
245,4093
978,4094
2054,4095
2185,4096
1716,4097
4070,4098
18,4099
2176,4100
3945,4101
843,4102
3233,4103
1941,4104
2080,4105
4074,4106
3615,4107
411,4108
450,4109
892,4110
1622,4111
631,4112
1683,4113
3733,4114
2172,4115
2392,4116
3218,4117
3572,4118
3184,4119
1283,4120
3634,4121
3964,4122
750,4123
181,4124
1514,4125
1238,4126
1896,4127
4016,4128
3207,4129
1772,4130
861,4131
4049,4132
490,4133
843,4134
347,4135
1517,4136
3036,4137
3411,4138
2689,4139
3729,4140
179,4141
2959,4142
3100,4143
3080,4144
3536,4145
2897,4146
625,4147
2975,4148
263,4149
1799,4150
4028,4151
3098,4152
1781,4153
1536,4154
1477,4155
1872,4156
1231,4157
184,4158
4001,4159
3176,4160
4010,4161
1580,4162
727,4163
2507,4164
4022,4165
1376,4166
1404,4167
561,4168
874,4169
256,4170
250,4171
3728,4172
295,4173
861,4174
1676,4175
713,4176
1011,4177
3476,4178
1074,4179
2614,4180
2336,4181
174,4182
1365,4183
302,4184
3206,4185
3879,4186
914,4187
561,4188
2757,4189
1217,4190
3810,4191
157,4192
2447,4193
1032,4194
3167,4195
461,4196
1833,4197
2715,4198
2818,4199
2304,4200
3013,4201
3054,4202
3816,4203
3260,4204
2182,4205
1679,4206
2058,4207
2359,4208
97,4209
3207,4210
3297,4211
3761,4212
1146,4213
1326,4214
1258,4215
2432,4216
3146,4217
787,4218
3227,4219
480,4220
1039,4221
3997,4222
2174,4223
3985,4224
39,4225
1810,4226
2072,4227
1792,4228
2521,4229
588,4230
3757,4231
916,4232
1891,4233
2500,4234
2392,4235
4226,4236
2040,4237
2890,4238
3023,4239
2835,4240
1431,4241
4056,4242
2578,4243
292,4244
2716,4245
3456,4246
735,4247
902,4248
370,4249
4176,4250
674,4251
1915,4252
1531,4253
2887,4254
967,4255
3461,4256
1504,4257
1683,4258
583,4259
813,4260
2522,4261
2945,4262
834,4263
3290,4264
3034,4265
2044,4266
2724,4267
2985,4268
1556,4269
348,4270
2696,4271
2835,4272
447,4273
2462,4274
3954,4275
2984,4276
2259,4277
3394,4278
2400,4279
4052,4280
394,4281
2550,4282
3870,4283
3752,4284
3953,4285
4198,4286
2423,4287
2882,4288
1164,4289
174,4290
3757,4291
3488,4292
1363,4293
1930,4294
1005,4295
1900,4296
1434,4297
253,4298
3106,4299
3752,4300
1876,4301
853,4302
890,4303
3108,4304
3488,4305
1514,4306
2549,4307
1569,4308
213,4309
79,4310
528,4311
690,4312
1978,4313
282,4314
2215,4315
535,4316
518,4317
3958,4318
3802,4319
831,4320
4314,4321
4187,4322
4306,4323
3706,4324
2102,4325
532,4326
4297,4327
1216,4328
1776,4329
1872,4330
1716,4331
3305,4332
4141,4333
2283,4334
2448,4335
3661,4336
2988,4337
939,4338
1458,4339
878,4340
1769,4341
3012,4342
2938,4343
92,4344
1691,4345
1025,4346
4081,4347
4130,4348
2124,4349
1090,4350
3117,4351
3852,4352
3692,4353
823,4354
1354,4355
3927,4356
3040,4357
1154,4358
1083,4359
1177,4360
3490,4361
2731,4362
4293,4363
890,4364
558,4365
213,4366
1826,4367
3530,4368
420,4369
3452,4370
790,4371
337,4372
306,4373
3854,4374
1354,4375
3856,4376
540,4377
3643,4378
1222,4379
575,4380
453,4381
2446,4382
1503,4383
3413,4384
2585,4385
124,4386
3831,4387
3622,4388
1531,4389
2309,4390
2114,4391
1518,4392
2916,4393
2206,4394
1203,4395
1046,4396
1924,4397
4093,4398
2165,4399
1705,4400
240,4401
2535,4402
1540,4403
3996,4404
2661,4405
2801,4406
852,4407
2059,4408
2986,4409
2219,4410
887,4411
3446,4412
1932,4413
4165,4414
3967,4415
1905,4416
3260,4417
435,4418
1492,4419
756,4420
2560,4421
2097,4422
2075,4423
3584,4424
152,4425
1574,4426
3846,4427
2950,4428
2721,4429
1678,4430
3586,4431
2019,4432
4246,4433
3780,4434
3320,4435
1727,4436
3154,4437
619,4438
151,4439
3369,4440
2849,4441
1489,4442
1352,4443
4075,4444
1909,4445
1442,4446
676,4447
12,4448
4439,4449
1194,4450
756,4451
673,4452
1349,4453
317,4454
3324,4455
1257,4456
1253,4457
2918,4458
4435,4459
3962,4460
3154,4461
3669,4462
3530,4463
1801,4464
3426,4465
1180,4466
3183,4467
64,4468
4066,4469
2754,4470
4232,4471
3623,4472
2974,4473
2876,4474
194,4475
2574,4476
838,4477
1489,4478
3403,4479
1374,4480
3384,4481
2339,4482
41,4483
1569,4484
1163,4485
1131,4486
4357,4487
2537,4488
2075,4489
4297,4490
2576,4491
408,4492
686,4493
612,4494
2623,4495
4268,4496
3952,4497
2878,4498
1921,4499
1729,4500
1240,4501
3472,4502
16,4503
2645,4504
2966,4505
3711,4506
3053,4507
1974,4508
2594,4509
3675,4510
4067,4511
2080,4512
467,4513
3815,4514
3413,4515
3021,4516
1242,4517
328,4518
1584,4519
1252,4520
3,4521
3278,4522
2976,4523
1011,4524
638,4525
4306,4526
1878,4527
2291,4528
3865,4529
2011,4530
427,4531
2088,4532
4150,4533
1219,4534
2283,4535
4041,4536
219,4537
4366,4538
3994,4539
368,4540
477,4541
3084,4542
3631,4543
1363,4544
3422,4545
2928,4546
237,4547
427,4548
2761,4549
3639,4550
590,4551
1283,4552
2616,4553
2043,4554
3466,4555
1846,4556
4295,4557
2690,4558
2468,4559
3899,4560
2231,4561
1670,4562
3111,4563
2900,4564
2495,4565
3712,4566
278,4567
2960,4568
2058,4569
2803,4570
4253,4571
1495,4572
404,4573
1812,4574
2722,4575
2606,4576
231,4577
1706,4578
3519,4579
2517,4580
1039,4581
1479,4582
4473,4583
3212,4584
2152,4585
3727,4586
257,4587
1930,4588
1807,4589
2433,4590
2038,4591
2105,4592
4129,4593
4468,4594
3838,4595
1533,4596
3050,4597
1685,4598
1123,4599
1966,4600
3714,4601
4524,4602
744,4603
460,4604
3504,4605
582,4606
473,4607
3842,4608
2340,4609
4227,4610
1022,4611
2135,4612
4577,4613
3818,4614
1440,4615
1974,4616
3392,4617
999,4618
827,4619
3013,4620
2764,4621
1878,4622
2281,4623
3966,4624
1187,4625
299,4626
2598,4627
1897,4628
139,4629
2379,4630
2028,4631
3020,4632
1452,4633
140,4634
218,4635
3546,4636
4595,4637
3459,4638
1155,4639
3091,4640
2629,4641
1090,4642
1766,4643
1678,4644
1238,4645
1802,4646
2350,4647
3837,4648
880,4649
3312,4650
727,4651
2247,4652
2688,4653
466,4654
1965,4655
447,4656
2987,4657
935,4658
2928,4659
462,4660
3937,4661
2623,4662
2071,4663
4424,4664
1634,4665
3384,4666
2156,4667
930,4668
203,4669
3853,4670
1966,4671
627,4672
262,4673
2115,4674
1179,4675
210,4676
3913,4677
3306,4678
3300,4679
3667,4680
4137,4681
1471,4682
926,4683
4446,4684
2778,4685
1640,4686
189,4687
3625,4688
841,4689
2640,4690
1829,4691
822,4692
1906,4693
1712,4694
4453,4695
1018,4696
1795,4697
585,4698
1291,4699
2847,4700
3616,4701
3749,4702
2093,4703
1484,4704
1962,4705
2050,4706
1972,4707
2906,4708
4534,4709
1342,4710
924,4711
1475,4712
2423,4713
1726,4714
3522,4715
1953,4716
4255,4717
2492,4718
1708,4719
1530,4720
490,4721
1062,4722
2615,4723
4156,4724
3161,4725
4437,4726
4011,4727
3707,4728
1249,4729
2971,4730
1161,4731
205,4732
435,4733
1719,4734
1161,4735
1072,4736
3849,4737
1239,4738
1160,4739
134,4740
611,4741
3895,4742
832,4743
1060,4744
2722,4745
2926,4746
3816,4747
3160,4748
1819,4749
2851,4750
791,4751
3307,4752
2380,4753
179,4754
3133,4755
2860,4756
467,4757
3271,4758
511,4759
2145,4760
3937,4761
1402,4762
3668,4763
2632,4764
161,4765
4380,4766
4654,4767
1166,4768
4199,4769
4521,4770
2108,4771
3255,4772
3742,4773
3327,4774
210,4775
2899,4776
4560,4777
2046,4778
141,4779
3225,4780
1165,4781
2828,4782
3223,4783
3593,4784
3383,4785
2232,4786
2910,4787
2776,4788
4219,4789
632,4790
4293,4791
2665,4792
4318,4793
3685,4794
1331,4795
2216,4796
3923,4797
295,4798
2104,4799
2625,4800
3647,4801
2212,4802
797,4803
3359,4804
858,4805
1610,4806
3349,4807
4550,4808
2238,4809
271,4810
4266,4811
4139,4812
1991,4813
1822,4814
30,4815
3938,4816
3116,4817
1232,4818
1556,4819
555,4820
3369,4821
4325,4822
4793,4823
3142,4824
73,4825
4347,4826
277,4827
1924,4828
290,4829
827,4830
983,4831
3457,4832
3294,4833
2887,4834
4389,4835
4553,4836
3294,4837
3367,4838
3238,4839
394,4840
3996,4841
4668,4842
2532,4843
4287,4844
2754,4845
4429,4846
4635,4847
2798,4848
1831,4849
393,4850
4298,4851
3548,4852
2599,4853
1085,4854
2811,4855
444,4856
4854,4857
2567,4858
1623,4859
829,4860
1810,4861
2610,4862
3274,4863
4259,4864
2031,4865
1517,4866
4712,4867
4273,4868
4793,4869
4596,4870
1689,4871
2139,4872
1241,4873
1801,4874
2268,4875
1168,4876
2877,4877
789,4878
4481,4879
2949,4880
1636,4881
948,4882
3699,4883
513,4884
494,4885
3249,4886
2283,4887
4125,4888
1220,4889
4706,4890
4283,4891
1441,4892
2694,4893
3391,4894
1121,4895
1636,4896
807,4897
4174,4898
2545,4899
3086,4900
925,4901
2059,4902
4497,4903
4095,4904
1435,4905
3428,4906
1484,4907
4899,4908
3870,4909
3467,4910
2670,4911
4464,4912
3510,4913
3853,4914
4004,4915
3684,4916
1805,4917
115,4918
4390,4919
529,4920
3467,4921
2507,4922
2846,4923
688,4924
1909,4925
1410,4926
4229,4927
3231,4928
2577,4929
43,4930
3387,4931
4350,4932
2933,4933
1294,4934
556,4935
3318,4936
4648,4937
795,4938
1737,4939
2130,4940
4911,4941
1367,4942
3831,4943
2169,4944
4392,4945
3548,4946
1053,4947
144,4948
4236,4949
3062,4950
4519,4951
1957,4952
3372,4953
2355,4954
2728,4955
4235,4956
176,4957
1195,4958
1204,4959
1393,4960
3107,4961
2210,4962
3116,4963
2630,4964
1570,4965
2227,4966
1147,4967
3458,4968
4046,4969
819,4970
2627,4971
792,4972
3621,4973
4024,4974
3490,4975
3160,4976
2148,4977
2090,4978
2796,4979
3878,4980
3825,4981
2160,4982
4367,4983
2509,4984
4754,4985
1564,4986
2437,4987
2476,4988
844,4989
596,4990
2323,4991
1151,4992
4111,4993
70,4994
2348,4995
2165,4996
1865,4997
3513,4998
2486,4999
1744,655
3142,4519
2741,4494
3143,1729
814,4426
4427,3180
449,1175
4616,3098
4815,407
237,4037
1063,4586
2335,1654
1390,4614
560,566
2174,2200
3463,4030
3057,4267
8,3879
2918,4117
1357,223
3041,3618
1778,2728
112,1101
2340,970
2210,232
558,1328
3930,4713
3865,4297
577,1815
2169,77
2573,114
1955,1343
1047,4928
3168,1143
4320,4192
4518,4607
377,4360
368,3723
4541,1162
2463,3157
405,99
2671,886
1720,2623
1693,4413
1093,572
475,2927
4965,3951
3653,1772
1494,2244
2640,4350
4331,3471
4424,949
1891,4503
755,250
1573,3178
4446,2044
1915,3280
87,2016
4689,3150
258,4521
3966,2209
4229,4816
2062,4978
3033,541
1341,4198
954,2967
1720,4845
519,2685
139,4016
2837,4894
1733,2220
4617,3495
1437,3586
2927,4600
3526,4370
4430,4602
4096,2892
1262,170
1045,949
3827,304
2354,3643
3730,4132
2179,4455
1968,668
4524,2026
3440,303
2045,347
2980,3746
2946,1081
2568,4777
1677,455
2226,4
1913,3607
4241,3852
1562,4786
4764,2235
3597,648
140,1667
2331,2779
3463,1993
1159,4196
4742,4774
186,184
4459,2466
1167,3162
4603,3938
3401,4165
4710,1578
1784,3078
2809,2539
4932,432
1469,1554
3709,1888
2166,2544
4824,3615
2532,2054
2146,569
481,3203
4056,3576
1142,4581
2954,3753
1675,1236
4539,2574
1869,3304
3525,2926
92,3080
1484,970
4163,4161
1763,1320
1146,1631
2929,1925
3641,1876
3158,4315
2042,1185
2490,2563
721,1927
4210,4626
2434,4999
3518,1921
1196,4928
1980,4793
3193,2244
11,1708
2615,1886
882,232
4691,4608
2584,4323
4677,2479
4589,4635
3468,969
2989,4547
2745,2313
698,2500
3022,1135
3303,1859
2643,57
1929,4860
1573,3009
3624,1639
1321,1300
1634,4699
1987,3121
1539,3942
3937,138
4776,1028
4995,2353
1225,3649
3762,2854
4366,1325
10,4466
1056,3321
3477,2286
885,2283
1806,783
4111,3895
3928,4567
4302,2718
4893,3804
470,3410
4198,2824
2960,4359
875,2763
4900,4005
2734,374
4905,1593
299,3861
4136,2600
3264,1222
2664,4104
1666,1148
2847,2714
3041,2116
2830,625
3604,2655
2140,1297
591,3704
2307,4450
1780,1830
814,208
538,3444
1733,190
1476,2513
13,1712
464,4333
1156,4581
3921,3568
1732,1124
2029,3781
38,348
280,3750
2083,3054
4470,626
1120,1592
1180,4887
457,2019
1113,4172
1774,2317
3792,2912
119,4384
4096,4638
4152,520
4062,4360
618,3902
84,2197
4755,4855
4517,4018
4780,1121
4064,4842
379,2238
4091,1822
4928,3923
75,939
4982,4435
4271,2618
3100,1114
2660,2004
2067,2273
4549,3079
1632,3259
756,4258
3101,1499
505,4829
3751,1904
327,947
3499,4670
4121,153
4067,4701
2451,1257
4354,1758
1361,3676
288,410
4568,4136
3092,849
268,2056
566,4095
3494,4856
2840,4492
4029,427
2788,4415
2305,4607
3737,2022
462,1006
2546,2653
748,3851
1113,1717
1765,675
1973,1183
122,4358
4654,4611
3043,874
3376,1232
2909,3282
4553,4696
2160,672
816,1407
1184,3522
1290,267
4621,4186
1227,2136
1554,1028
1979,3446
883,2196
4969,347
1313,1627
1823,4931
4203,4962
3514,4664
503,3665
1380,3920
3741,2780
3762,3791
4822,3185
1646,1214
239,2131
4836,428
2332,4364
2364,1029
4930,1995
3346,4609
586,2198
2485,1882
3134,553
2123,4879
1476,1241
4131,263
4912,3716
1996,1065
770,790
4232,1683
4827,2748
1201,4989
4366,2783
2346,3436
1242,3452
4222,4318
3608,881
1556,3878
658,2773
246,4849
352,1510
3079,3696
1645,137
2462,34
3113,550
4348,1746
469,3834
3374,167
4729,4387
4115,3023
2413,896
14,147
2116,4383
633,3518
2394,1731
1104,1898
3709,1800
3294,304
1126,2421
1529,4315
2573,1242
2040,4530
2365,640
1504,4925
659,3244
3852,2068
3087,1102
639,821
4134,97
4248,3030
1087,1963
429,3004
2312,2143
4496,4814
1898,4836
2710,1388
1793,4527
1136,748
3509,1398
532,3473
719,4254
2800,124
574,1977
4416,3460
3019,4500
1767,2278
4678,4759
4556,2139
362,3059
3517,13
1057,1527
1692,1246
1300,1940
306,3597
5,3829
1523,4893
4577,237
1126,4766
964,2261
1009,3294
4322,390
3669,490
157,4378
351,3119
544,254
4170,4329
2739,3190
2144,3887
3938,2703
1912,188
2768,3844
1182,3037
2068,4222
5,19
4880,1460
4231,4454
1445,2932
3254,3959
1133,448
3357,4469
4083,3357
3406,2190
3344,4615
3895,3358
4898,3861
4086,3031
115,2939
287,312
4580,2198
575,163
4113,1648
57,115
867,1212
180,4055
379,2017
1484,282
1188,1046
2464,515
2563,4908
181,11
1992,3317
365,2456
2177,2250
2966,3871
3922,4238
3665,2168
3353,1320
2415,3610
2491,3639
2053,2043
4532,3168
354,954
2801,4732
2534,4837
1675,4101
2871,2093
4521,4907
4744,1998
4677,1782
3301,3460
194,772
2693,4115
3367,1281
1704,2458
3446,3448
4255,3677
2589,4703
1754,2675
2183,495
464,1166
1324,3113
1263,734
4362,2638
4613,4438
81,4404
4239,399
51,4736
4850,801
1200,4827
1126,4358
2523,604
280,2992
4102,352
4274,4688
489,4166
894,2402
4927,1025
3943,8
4644,3766
3572,630
253,3287
1940,4530
2519,3549
2668,332
3056,1767
4060,3479
1097,4425
3793,3401
2579,2485
178,209
4360,3565
1108,2889
3191,3004
3708,4191
1207,3807
4321,699
2579,902
4851,4986
1095,2663
867,2310
122,852
1364,1749
2990,578
2878,972
4813,3406
917,2230
4884,4496
3128,3576
3015,4528
3902,3889
1950,2132
584,3561
1319,2282
2842,1935
3788,4525
1009,1020
866,3951
4193,1100
4853,2402
4005,1487
663,3416
3237,3504
4234,2717
3003,894
1550,4622
1115,2078
3654,2171
2235,2776
3270,4407
4255,725
4268,6
3061,4833
3681,3434
2867,1336
1216,738
1878,8
3328,4573
4772,81
4880,3737
3221,1067
4144,863
2879,1179
1167,969
4417,1692
4277,3491
1393,3705
3323,1402
202,2338
2081,3839
840,971
4102,911
485,726
2232,3604
3584,1191
1283,2228
2113,4570
317,3968
4656,326
2711,3153
2818,3207
1554,2835
1762,464
1141,1811
3631,2445
2850,3177
2865,1086
2308,3075
4290,4970
3466,2476
528,1676
4912,1327
948,930
2215,4153
2174,58
2274,981
2484,687
969,3332
705,1087
4979,1269
3422,2807
2305,342
2939,1457
4254,814
823,1624
928,2843
4308,3911
807,4543
4857,2956
4869,3463
4578,2894
2446,899
4389,2289
4427,1971
1304,819
2084,2139
134,3588
1736,2168
983,4013
3487,3256
269,4407
1099,2474
4893,2859
2380,522
2610,2607
1524,1635
1408,114
2715,2070
1874,4123
2208,3952
1218,2673
3069,1037
1382,3765
4960,4541
4242,3153
2168,3608
314,4006
3718,1418
1730,4924
919,4473
807,3899
308,4328
1808,3575
632,29
1471,879
1723,3937
500,1034
1447,1750
3907,3190
4744,4798
2013,909
383,1781
2338,4206
1858,3291
788,4112
784,706
3526,439
3880,4312
1399,1769
1329,3272
2166,3920
3925,1523
104,3334
1254,1980
976,4482
2459,1478
1781,4738
2881,3021
273,3315
4298,2832
3310,118
1498,4850
4426,1015
3272,2150
385,2821
2164,4117
1938,3236
584,3212
3506,1538
3273,936
382,2523
156,4696
1042,4852
1601,3337
2921,2487
125,2323
2828,1456
1713,627
2236,1516
4775,3031
825,3781
268,3161
2239,4029
355,2656
660,1909
1607,577
723,103
111,1078
2079,481
2636,4466
392,4204
1374,4261
1267,2245
164,2156
1049,927
2397,3854
2849,4264
2327,4404
1389,3529
3016,187
3208,1246
312,1061
1682,2862
1689,726
271,3429
797,1347
4994,1337
516,2356
1033,4725
4403,3155
963,183
1794,4297
2133,4556
1428,3843
2538,4647
2933,2441
1874,3203
1270,894
2819,2572
702,2966
1695,3449
1945,3556
688,1455
1106,3698
1349,1987
1050,3386
314,2193
1619,2088
2368,257
604,3660
4556,612
2780,3944
3988,3252
170,1932
2434,1338
2595,1438
3797,2895
4619,4690
1098,256
1556,3033
1232,328
3770,197
4030,4966
4818,4847
129,2953
1671,4727
2456,911
1402,4899
3620,2079
863,3200
3120,529
1873,1970
687,4103
112,2174
3252,1549
2190,1802
4466,3626
711,1246
4028,3811
4925,1391
4640,1274
2066,4456
360,4419
652,477
4941,1554
1599,2489
3397,469
1645,3895
4361,2253
1035,485
1566,4167
806,1843
4732,2985
2300,4555
753,2286
3317,4491
2634,3385
1514,4554
2659,813
1027,4609
2643,4746
3667,289
3152,4466
2408,2774
3569,1377
3321,4252
762,2750
3767,1997
4559,4110
4318,4024
557,1886
45,383
593,3914
1393,1660
4345,3776
4422,2107
3098,1650
3633,1493
1702,2617
4756,28
326,4323
1828,4797
283,3758
3102,1607
1509,2206
3580,648
740,399
3625,492
161,1532
1291,1623
901,1259
2317,4943
1237,1960
1114,527
2016,4224
4836,2733
3270,815
2162,1658
1887,890
2894,1986
822,4130
266,4387
1918,3641
1357,576
2194,1898
276,2192
891,3004
3898,1354
3619,2435
2457,885
2555,1850
4487,1976
1718,3041
628,1169
3833,997
4027,4854
2252,3963
3644,1943
2600,1603
4225,232
872,4809
3544,949
4383,2770
1502,4426
3141,268
4579,2392
3400,3110
4123,1008
375,4470
672,3621
2240,1267
1400,3730
407,1819
1422,4208
1440,2856
721,4780
2300,1594
316,3239
1651,1628
2372,4300
2044,2327
3129,2125
3717,797
2663,2767
3768,1941
874,3513
2784,1439
2687,3156
3754,1393
1395,833
1734,176
689,453
2162,3219
4968,4462
2737,3486
4333,491
1805,4233
377,166
2015,4460
3557,1385
4886,2492
2880,2710
3001,2653
2482,2528
1210,2766
4291,1760
3969,758
3765,3646
76,3486
3497,3602
4701,211
1843,2703
1009,600
628,1380
4650,1075
2453,400
4214,2711
1030,1979
3827,2578
1837,650
401,3918
4934,2295
3176,3366
3797,918
1626,4243
1527,2745
2529,6
2947,1437
976,4159
4548,4668
2626,178
4033,3063
704,2368
97,1246
1559,3598
906,4391
3064,1304
3117,4536
4105,1285
3972,322
227,1332
2347,1726
3670,1683
1405,4812
3853,4124
1082,3555
3833,3528
2734,3754
2598,3202
3129,4497
1517,911
150,1075
2740,873
3329,2053
3681,824
2159,3716
705,1735
2498,2641
3708,262
2101,636
1765,1473
2231,3875
4384,3920
1113,901
4643,1437
3924,2524
3033,3897
689,635
4019,4820
702,1873
987,4310
2426,2414
941,2402
3083,3984
428,2220
2051,2776
177,570
867,3298
3843,1577
2153,1109
3110,694
943,4459
3062,314
4867,4266
816,1259
2649,675
2206,4364
3712,805
1534,227
1051,2686
4840,1381
1924,2568
1771,1020
4853,3358
4612,2024
2426,4986
2545,3418
3465,1735
4718,1747
810,4204
559,1604
4966,1043
1820,3355
2643,2289
1290,4096
3264,3035
3064,4444
1185,336
2996,1623
2667,4723
1152,683
4109,2959
79,1146
2465,192
1345,3067
3162,2178
3082,2282
351,3237
2557,811
3486,4573
3455,4796
2403,2112
542,1032
829,4598
4593,4630
1434,1265
757,5
1596,1326
2166,4546
3136,275
3467,3035
2161,2793
2045,4621
4055,1339
4947,3276
4801,90
575,1980
1742,2057
579,2883
990,108
4948,4546
3516,4064
3589,1979
1354,530
3391,4338
4890,2479
1,1116
4543,913
180,2044
2023,2710
2647,396
629,288
2475,4692
4383,2887
4331,4128
1564,3284
4036,2414
1255,1079
1884,2265
3135,2598
892,2967
957,4399
4231,3792
1125,4284
2025,4615
3560,1929
2242,915
2514,1427
3121,1346
4516,454
3625,54
1922,3214
3797,588
3180,2100
1002,956
2796,3933
24,3847
2377,2404
4338,1209
3509,3361
661,2765
4602,3626
2825,3055
1433,2695
3128,4173
677,544
2479,1107
4119,2630
2273,788
4482,3422
3061,959
2301,4258
4668,1744
1431,4777
2169,3092
388,1750
4511,872
1656,1710
1560,3089
2911,3557
416,1528
1546,3262
1545,4156
2013,4981
1177,4428
3460,1211
1783,1237
4451,1496
1788,3783
4037,1021
77,563
3949,1654
4511,3759
3438,4373
2047,917
2981,2201
2968,2601
645,2191
3089,4891
3574,2314
4950,308
3960,1991
290,4735
278,3114
3491,4080
936,662
4888,4948
574,4590
1626,3536
617,2123
3204,75
3696,2007
3678,790
3103,4415
4045,4390
4152,2817
4360,3255
3816,646
3426,1352
2785,2061
1748,948
2845,3584
1010,49
1529,3154
578,2943
3576,3473
3316,3784
2693,1180
301,520
1290,3777
2010,304
289,2188
4077,1389
1233,804
3963,966
687,477
3840,313
257,684
3478,4741
1743,1516
4877,270
4241,3692
3470,4478
715,4145
4952,3758
538,3696
1392,1472
124,531
393,4846
4433,138
740,1944
3916,2728
3339,4737
2005,3790
81,3045
4751,1640
2108,4550
1257,587
2282,1736
2472,2206
1233,389
2369,824
3504,2714
3770,203
1183,3480
2250,1544
3776,4054
342,3304
3996,2984
3974,1081
4273,2776
206,2576
4208,1334
954,3137
3452,2814
3847,242
1932,323
2392,4516
3245,51
4058,627
4800,3026
446,1511
2844,1881
4093,175
1435,442
2020,1249
4120,2402
4140,3663
2508,4980
3395,3396
2890,2061
3894,859
18,3371
141,830
264,566
3349,30
4732,858
359,4633
99,3595
4286,3289
3686,2917
4712,570
4707,2842
183,4332
835,1935
525,3053
2149,4694
3687,1342
320,4749
2887,4133
636,2673
16,4692
646,1312
2047,1208
4966,436
3627,3253
3944,3873
1932,2689
1957,228
1059,335
310,1946
4719,50
2369,3483
2254,2256
4069,4359
267,4959
1363,4991
2056,1601
2100,3548
3203,2934
4401,3394
226,4622
4055,3570
3136,1076
112,3172
3587,4749
4809,3323
3030,95
1225,1250
3704,4355
1186,924
1925,373
3412,4468
503,84
4420,3521
3730,1390
3044,2863
4463,3154
2401,1523
1678,1889
2931,2246
34,1439
2627,305
1150,887
1916,2183
503,506
2104,298
4573,4505
1466,530
1342,3244
4808,4178
2939,1613
4488,395
1811,242
2179,3152
721,3845
4818,3775
528,46
4425,4199
1123,1165
3967,4131
4449,2283
2361,1743
2536,3013
3394,926
4181,2974
770,1160
3318,1565
3928,2891
2369,800
4203,1428
1145,3896
3660,863
3099,527
3321,1227
1821,1296
1361,3063
4025,3083
4813,827
218,4866
4348,2501
3868,4881
1203,1841
4723,4249
4222,3433
1575,4330
283,447
1766,240
1228,2159
4185,1041
3725,4160
3392,2352
1257,929
1410,2554
3905,14
4722,485
3971,4961
1278,657
1309,203
988,1515
3769,4257
1338,3039
849,3795
666,4099
3869,4416
1956,2891
4143,1602
6,3860
4601,1742
3877,1738
1859,2722
3166,263
61,2566
2667,1571
3688,4718
1076,4012
2858,1510
916,1839
62,4505
4781,3971
2574,1677
191,11
2454,4112
1105,2586
624,4732
2978,3572
1306,4031
184,927
3508,3655
4551,429
2184,1791
1967,461
4318,1417
3220,3209
1491,1988
1362,3690
948,1208
722,677
2884,4006
585,3090
3610,1803
3414,1861
1511,1723
1264,2611
1320,4549
3198,1253
2047,4696
698,4331
2343,267
2780,3719
1192,1042
4832,4942
2476,4297
563,166
2406,1393
1415,2021
554,3789
1998,1847
3834,1918
626,1845
463,4955
3295,632
4642,4436
4672,4288
2990,3834
93,4406
2350,1332
4429,3311
4578,4978
4614,979
797,3213
4441,3487
4737,3502
319,1181
2771,3704
1399,3697
3341,3358
16,4806
3374,245
4464,4187
3233,4247
1361,3746
2204,2588
106,319
336,4054
4532,1024
3858,3191
2522,4850
1914,2071
808,2127
2865,2222
2915,433
4903,4673
193,3841
4706,2161
4328,4410
918,3470
4795,751
3616,2739
2783,907
4035,2353
1734,4041
265,2053
4191,94
202,2305
3772,427
674,1475
1395,2627
1141,7
1159,4318
3067,745
4140,4474
4125,4806
219,2106
4781,3403
3044,3931
1010,4361
3918,767
2367,4438
2734,606
279,4187
1419,2361
4563,1732
3290,3005
2852,3610
2375,3046
1290,113
3532,175
1270,2277
2489,3631
3521,2933
2636,3
938,3948
3739,2096
2649,2962
3729,4787
1933,1158
1754,2523
2859,1085
4805,949
4285,3806
2259,3364
3916,4265
3589,813
2678,935
3574,2314
2201,2480
3836,214
2919,665
2674,2276
2324,623
4102,4105
1793,1318
609,3982
3605,1181
2921,1559
3269,2260
2827,434
3044,2064
2541,2008
3351,4082
2962,2695
561,270
759,0
3,130
1016,4327
3653,1696
632,3415
4618,1472
1288,2639
519,111
1788,3262
965,3754
518,2114
3760,395
277,349
1204,2139
4833,1494
730,1855
583,1159
3756,3472
3899,4776
2873,4800
904,1573
2531,3350
4906,651
2648,663
3913,4110
4584,3269
2919,2632
3586,4922
347,446
1523,1572
860,786
589,4318
3179,4781
2886,1582
3260,4488
2398,3353
1488,2749
2547,2850
1664,4848
2257,2885
429,3139
428,3065
1659,1088
2439,2363
4226,3070
2113,798
2522,666
1609,3550
3590,432
1444,2695
2716,797
2364,2466
4136,3015
277,283
2434,4913
1635,2566
4724,4181
2351,1443
3866,1352
2688,4863
2963,3351
1190,3269
4848,3764
740,3108
2421,2218
1253,471
1433,4205
4429,1354
2101,2883
3578,1746
709,1579
693,2010
518,4948
4040,2683
1743,616
314,3507
2654,916
2483,2597
564,3021
1968,474
3429,4709
823,1672
521,853
3406,3658
302,3896
348,2060
1202,4666
3683,1294
3001,3967
3198,1275
3004,4792
1457,2584
240,4067
1111,4937
2844,4235
3159,4319
1361,2335
2953,760
3014,2979
3242,1590
3500,2152
552,573
2380,4122
2769,3359
3907,4943
513,2195
642,1492
117,3299
898,892
3882,2023
4559,4319
461,4834
1249,1754
4223,2778
4556,2010
3520,3906
3739,2149
17,4169
4644,3328
3572,1203
4038,1285
4594,4540
1680,1279
2697,1216
937,3125
2368,4749
979,2543
3788,4865
898,1563
1890,3937
844,13
4449,1013
1164,2263
16,376
258,4347
2930,1128
884,1377
305,2616
3320,4609
420,1618
3834,2183
3351,1729
2262,1837
4598,1386
304,4676
4244,2466
3015,658
3814,2508
2260,432
462,4221
3702,3576
1008,1573
1267,4728
4362,1857
3034,1170
440,537
2354,1047
2196,4962
29,3373
3517,1603
2799,2521
129,2014
3936,857
3790,4597
3267,3639
225,2055
3328,876
865,1058
2889,2679
315,116
3336,4753
4643,2361
2012,2247
4514,1518
1725,4017
4582,3460
2551,4924
2733,2867
957,3633
4488,4819
4323,2186
844,1630
3768,189
4213,4960
4888,3307
4862,4373
3171,3559
2208,3585
507,204
4537,2370
3884,3904
2540,796
4343,2316
2989,4271
2677,2743
4791,3908
208,2052
3566,4135
626,4372
3784,3723
722,4987
4882,1645
3941,4198
1279,4961
4172,3128
1453,3278
1359,3466
4995,480
3560,3114
4017,96
4437,4376
2505,1780
3924,1025
4007,3242
1556,1855
3922,2857
4511,1061
4300,2037
3940,4865
210,1394
2720,3794
4917,1671
1575,3766
4804,306
1835,1010
1404,3429
2536,4187
2973,2021
3386,3729
3889,667
3350,3754
1651,1196
2445,1991
3962,646
4721,4247
166,3126
1504,2251
300,4215
3183,2582
1771,1504
3781,1275
4448,2908
780,3189
1255,4014
1227,2230
1681,3617
2860,1011
3761,635
2280,1807
1964,139
1947,2401
2125,4595
4467,3502
797,3749
2442,4021
4167,2744
1979,4906
4071,4738
3769,85
1546,2824
1973,2369
2949,1775
4870,2048
3081,1125
3744,2722
1226,2634
3987,1454
4557,3970
185,1568
4100,1226
979,4853
4085,3489
2474,2245
3707,2528
2894,3708
109,4145
557,4318
1107,152
135,3034
2925,3859
1620,1840
2210,301
2335,2023
4422,4734
3957,2714
4724,3702
4283,2923
883,4078
2366,273
66,3578
3931,1260
4408,4645
470,1945
4712,1999
2271,3737
2059,2549
3957,2399
2294,3124
2990,1004
4717,3853
3758,570
1822,2727
3974,4681
2701,2454
4234,1472
525,2431
3695,3132
3585,3074
3610,3913
1685,864
181,3182
2456,4846
3082,4734
1126,2825
4547,2702
3784,3973
775,1255
2413,852
3580,4922
3554,2207
3758,3605
221,3635
4425,1101
4769,710
2212,4214
1475,1381
3145,2168
2200,4735
2641,765
3266,1360
867,555
4209,941
3815,3027
1155,1139
2344,100
3842,1411
1606,3557
4414,4838
3892,3592
3173,1668
3228,4588
4848,2322
2307,3119
2213,2753
1245,2967
3858,965
301,1054
4569,4489
67,1987
2083,2072
4962,1415
2894,4886
4405,4856
2872,2561
839,910
3798,1552
4693,2043
3036,4377
2041,2333
1425,2928
3636,1898
4429,2542
842,848
3460,1881
3800,4334
742,4356
556,361
1799,826
1561,886
3647,3495
1740,3726
854,3507
4679,4119
247,67
519,4098
2613,4259
4909,2308
4673,1532
2337,2857
1862,91
4870,1514
2489,143
1214,1017
962,3576
4650,3654
593,1793
2997,954
4562,2324
1176,2980
2693,3072
2532,2730
4394,2320
1188,16
598,4541
3511,3696
653,628
84,4292
1965,2901
3885,2513
819,4411
3865,122
2434,1093
3178,1215
3047,3323
4455,4889
3221,3446
3574,2151
2677,2182
173,3140
3839,1629
1473,1112
4206,3327
4903,151
1487,3369
1766,645
1365,3775
1973,2615
3614,2266
314,3219
1668,1969
2759,1463
568,484
333,282
1947,4803
4265,3714
4531,3540
4785,3298
3015,1589
2655,2565
3830,2374
828,605
2295,4479
4704,661
3186,2842
2237,4030
1052,3306
3836,4365
2608,4385
1826,1915
893,4482
3560,967
1180,1819
2123,911
4198,1531
1510,4994
1506,2229
78,1381
191,239
1334,4620
4528,3498
2554,448
4607,264
3648,2197
3197,3704
4781,1186
3976,1783
3638,4152
51,4731
3859,3872
2492,1184
1750,3094
3115,4560
2497,3005
2144,4992
1868,4304
2326,2885
969,553
2441,3570
2584,3902
659,2440
2622,3772
4214,3675
2747,1301
4394,2917
4729,2121
1906,7
3298,1421
3634,2823
4685,166
251,2073
3682,3191
837,2702
3393,601
3675,3593
1890,4082
4268,4450
790,4209
4838,4598
4317,4746
1634,3234
962,957
1041,4976
3147,2617
967,1872
1613,3110
4897,2027
1375,4109
968,3050
609,3472
3159,1751
1875,4562
3443,2225
861,1971
715,2659
1838,2755
4782,1251
4974,994
3104,4098
3429,425
1191,1612
1743,3148
463,1506
4001,1860
1536,3504
1060,4694
2817,2496
3743,4602
4136,1642
517,1330
11,4567
3521,3370
2655,1518
1464,3039
3799,1569
3976,3396
4468,1170
3240,2130
2657,1481
3952,2996
1400,2140
406,4449
4339,1780
800,4340
2522,1970
2939,49
2007,510
4841,3085
3375,2431
4845,2192
4482,2103
670,1028
2128,2987
2961,4755
2147,2292
1637,1518
4326,4487
2389,1594
2823,4047
1365,3029
